alpha,bp_batch_mean,bp_batch_mean_delta,bp_batch_mean_percent_error,utilization,bp_by_hour_50,bp_by_hour_95,bp_by_hour_99,bp_by_hour_mean,bp_by_day_50,bp_by_day_95,bp_by_day_99,bp_by_day_mean,bp_by_week_50,bp_by_week_95,bp_by_week_99,bp_by_week_mean,bp_by_month_50,bp_by_month_95,bp_by_month_99,bp_by_month_mean,bp_by_year_50,bp_by_year_95,bp_by_year_99,bp_by_year_mean,billable_time,lost_billable_time,server_cost_time,num_servers,ns_delta
0.01,0.148964784994,0.0182256818869,12.2348928894,0.599798341677,0,0.428571428571,0.625,0.076892193784,0.123636899499,0.282347631222,0.341441688977,0.133731857061,0.151115137998,0.22163275737,0.236700532483,0.141596478294,0.147988210805,0.21578429774,0.216250623703,0.148196532996,0.149295646019,0.149295646019,0.149295646019,0.149295646019,731535799,139756422,84302830224,28.2275500589,2.9300730546
0.02,0.117218191471,0.01899887288,16.208126607,0.623830559918,0,0.4,0.625,0.0642017251417,0.102571595558,0.234173525968,0.2836264303,0.107617726723,0.10850163275,0.195644722439,0.210043246914,0.111424166912,0.119011422676,0.190425199118,0.194066719828,0.11767601157,0.116600835636,0.116600835636,0.116600835636,0.116600835636,760110070,111182151,150383244885,30.5270730271,3.31347366604
0.03,0.0949979354686,0.0185205736945,19.4957644113,0.640823151277,0,0.375,0.631578947368,0.0554816075506,0.0831126971336,0.204033786345,0.247584960476,0.0887802750419,0.0874450146628,0.170886218829,0.189687150833,0.0914837085794,0.0973110871753,0.165360239436,0.173149555562,0.0965509455405,0.0941174456038,0.0941174456038,0.0941174456038,0.0941174456038,780242233,91049988,204312197346,32.2905005889,3.57497199103
0.04,0.0814133191765,0.0180964811621,22.2279122693,0.650927626017,0,0.346153846154,0.636363636364,0.0499284360195,0.069632034632,0.183987713675,0.232275251566,0.0770163889011,0.0747296353929,0.158098150871,0.173668111981,0.0793404697208,0.0856448366224,0.150012906212,0.159007563879,0.0837653471903,0.0804812895272,0.0804812895272,0.0804812895272,0.0804812895272,792840663,78451558,254520373107,33.5013545347,3.7415311441
0.05,0.0726184156197,0.0176726241756,24.3362844326,0.656666665962,0,0.333333333333,0.629196884233,0.0462459825645,0.0613628763577,0.177762357917,0.2127982581,0.0696357836611,0.0720483625626,0.149266697571,0.161830512005,0.0717905811372,0.0776239967264,0.139135058728,0.148738985172,0.0753733942639,0.0716283476792,0.0716283476792,0.0716283476792,0.0716283476792,800868311,70423910,300639151107,34.3490400471,3.8513094841
0.06,0.0668082345308,0.0170960631911,25.5897544833,0.659899434815,0,0.333333333333,0.625,0.0440467063121,0.0560252906016,0.168959432966,0.204578286961,0.0648861205743,0.0671446065527,0.140295947587,0.155464432934,0.0667060024491,0.0724443540655,0.13174055103,0.142106326523,0.0697760051679,0.0659090390192,0.0659090390192,0.0659090390192,0.0659090390192,806548712,64743509,345899111868,34.9830094229,3.92923790401
0.07,0.0628738276411,0.0165835361213,26.3758971634,0.661327635956,0,0.3125,0.603939393939,0.0423763146053,0.0515477613923,0.164459106218,0.194263802024,0.0613640843384,0.0646419747385,0.136238151218,0.151594166264,0.0630155405054,0.0679291277297,0.128214360822,0.137616298104,0.0658223936214,0.0619249297929,0.0619249297929,0.0619249297929,0.0619249297929,810488587,60803634,389659847268,35.4725677267,3.98484196914
0.08,0.0601191529523,0.0162812078221,27.0815655621,0.661444899172,0,0.302502050861,0.6,0.0411177787813,0.05,0.158409144612,0.200180929095,0.0591859508908,0.0636202774864,0.134593652504,0.146686681779,0.0608392313416,0.0647176892411,0.124592254558,0.133590251204,0.0633225599531,0.059196556999,0.059196556999,0.059196556999,0.059196556999,813042420,58249801,431628086529,35.8697232038,4.028010464
0.09,0.058196189465,0.0160867368794,27.6422511978,0.660944397451,0,0.303359683794,0.6,0.0406601666351,0.0450615769042,0.157905982906,0.194856392092,0.0579094728124,0.0617777119797,0.134587283648,0.14286184262,0.0594158490088,0.0621185228931,0.123838721847,0.131184775926,0.061578015508,0.0572729971004,0.0572729971004,0.0572729971004,0.0572729971004,815146465,56145756,473932809429,36.2119316843,4.06624883922
0.1,0.0561670500796,0.0156938900307,27.9414532335,0.659895500722,0,0.298880597015,0.6,0.0399881960473,0.0457866611859,0.157408781694,0.190526507582,0.0564413102851,0.0586374830363,0.130340869842,0.138356265972,0.0578797488678,0.0602853051012,0.120787875385,0.127111926076,0.0598048496812,0.0553151898445,0.0553151898445,0.0553151898445,0.0553151898445,816787542,54504679,513797716929,36.5106654888,4.09531529985
0.11,0.0550345071669,0.0154076921453,27.9964206795,0.658387584753,0,0.294117647059,0.6,0.0399793877471,0.0451316598679,0.155874553211,0.191236719082,0.0558355209554,0.0581661163322,0.130064254139,0.135542798581,0.0571371506072,0.060015379318,0.119689566339,0.125201187715,0.0588208566158,0.054156487591,0.054156487591,0.054156487591,0.054156487591,818067944,53224277,555163121829,36.7814664311,4.12147466141
0.12,0.053801687017,0.0151628001081,28.1827595914,0.656487997973,0,0.294117647059,0.6,0.039505540727,0.0430874450415,0.15177322817,0.189555930558,0.0546620531838,0.0567661526062,0.127861241549,0.134973363689,0.0559696095242,0.0588581176039,0.118144156096,0.122798391841,0.0577213626896,0.0529692458732,0.0529692458732,0.0529692458732,0.0529692458732,818965927,52326294,595348228329,37.0214899882,4.13934764617
0.13,0.0529935704595,0.0149150055638,28.1449342524,0.654791251428,0,0.288461538462,0.6,0.0394055014313,0.0454867192392,0.146250725868,0.184478603192,0.0541892204786,0.0561968748507,0.126588839881,0.133624435511,0.0554952674403,0.0584133060947,0.11660461159,0.120799406389,0.0568850260272,0.0521644329779,0.0521644329779,0.0521644329779,0.0521644329779,820086531,51205690,632495567829,37.2456949352,4.16120338984
0.14,0.052303427122,0.0146956651966,28.0969450861,0.652928536049,0,0.285714285714,0.595882352941,0.0394727305254,0.0469962768978,0.148258230722,0.171591519015,0.0539643014546,0.0550315859894,0.127352319943,0.132176196812,0.0552260013207,0.0580965170415,0.116156967326,0.119260383349,0.0563139841898,0.0515080252974,0.0515080252974,0.0515080252974,0.0515080252974,820946362,50345859,671639582190,37.4637279152,4.17963669317
0.15,0.0517371556657,0.0145523001052,28.1273678808,0.650404221908,0,0.276045487894,0.6,0.0393412641839,0.0463687063809,0.146474477586,0.175366361084,0.0535792068216,0.0537551699285,0.126128462023,0.130631178381,0.0546675171168,0.0570366053868,0.114221755588,0.117786220361,0.0557184894387,0.0509486517957,0.0509486517957,0.0509486517957,0.0509486517957,821099675,50192546,711262220790,37.6598586572,4.19336195174
0.16,0.0515012092255,0.0143991581999,27.9588740079,0.647943846934,0,0.284115138593,0.6,0.0399226686882,0.0448155003347,0.143712744763,0.168377456087,0.0540380087325,0.0551492330482,0.126484043583,0.131138794418,0.0549919910765,0.0565584315068,0.114730393019,0.116961882117,0.0557303864011,0.0507659992237,0.0507659992237,0.0507659992237,0.0507659992237,821361469,49930752,749402829690,37.8558951708,4.21400373009
0.17,0.0509703297352,0.0143480116187,28.1497327823,0.645709797214,0,0.285714285714,0.6,0.0403362869726,0.0468488712375,0.142169478721,0.17665555969,0.0541102973248,0.0552242697308,0.125950650838,0.131386144242,0.0550085188114,0.0551874778615,0.114130076066,0.115513115721,0.05544968254,0.0502694125437,0.0502694125437,0.0502694125437,0.0502694125437,822000440,49291781,786355912290,38.050753828,4.22886225972
0.18,0.0504158556008,0.0140438532679,27.8560248567,0.643425392975,0,0.285714285714,0.6,0.0401769872689,0.0450372307774,0.137213983051,0.175157961852,0.0536105027986,0.0548753342246,0.122668718093,0.129825574029,0.0545532457898,0.0546373489308,0.111849001857,0.112439758598,0.0549148738924,0.0496986232562,0.0496986232562,0.0496986232562,0.0496986232562,822612017,48680204,823282203390,38.2332567727,4.24353544102
0.19,0.0502742877367,0.0138585486041,27.5658775649,0.640693355452,0,0.285714285714,0.6,0.0405433761627,0.0458906112899,0.136809012313,0.173868763246,0.0537358907487,0.053994264077,0.122302221613,0.128821038471,0.0544904044297,0.0544415401133,0.111215391218,0.112232509015,0.0547014946831,0.0495673417201,0.0495673417201,0.0495673417201,0.0495673417201,822733802,48558419,861688577190,38.4078975265,4.25549637532
0.2,0.0503391730077,0.0139176272547,27.647707388,0.638229816696,0,0.285714285714,0.6,0.0410367040368,0.0457370827481,0.140805776714,0.176737598026,0.0543111525318,0.0537241499869,0.123546446244,0.133039721862,0.0549366449379,0.0539288254735,0.112137242621,0.112385999133,0.0549464059955,0.0496586680061,0.0496586680061,0.0496586680061,0.0496586680061,822721110,48571111,898048200390,38.5789929329,4.26917374283
0.21,0.0495959417212,0.0137477729429,27.7195521766,0.635914743319,0,0.285714285714,0.6,0.0411648730632,0.0450610907277,0.140110981667,0.173490175346,0.053994441618,0.0547027769469,0.121443432299,0.132792372038,0.0545573858034,0.0527364394582,0.110960209953,0.111829694083,0.0543138272715,0.0489451813968,0.0489451813968,0.0489451813968,0.0489451813968,823287900,48004321,933737272290,38.7550765607,4.28349459909
0.22,0.0496844216363,0.0136995683829,27.5731666621,0.633391374889,0,0.285714285714,0.6,0.0417650866655,0.0461861667744,0.139373881932,0.180953865042,0.0543617470083,0.0542969327911,0.120962304628,0.137383449292,0.0549994419001,0.0530907011868,0.111008268418,0.112908967496,0.0546638822372,0.0490422155757,0.0490422155757,0.0490422155757,0.0490422155757,823397627,47894594,968636922390,38.9193639576,4.29477796732
0.23,0.0493953872471,0.0135902357622,27.5131677666,0.630921823198,0,0.285714285714,0.61685520362,0.0418887026698,0.0464253058736,0.136715789474,0.180953865042,0.0545844361539,0.0560023655413,0.119155776803,0.136945558318,0.0550751615459,0.0529150070881,0.110043074557,0.112181097864,0.0543814037281,0.0487396972534,0.0487396972534,0.0487396972534,0.0487396972534,823721425,47570796,1002783564990,39.0975795053,4.30894160087
0.24,0.0496962189583,0.0136016827893,27.369653214,0.628354991344,0,0.297872340426,0.613888888889,0.0429282729563,0.0476924739091,0.139341978352,0.175544117647,0.0554178031849,0.0550191705583,0.120716526606,0.135149063557,0.0556903288777,0.0534363423216,0.110537686104,0.112814851033,0.0547509722469,0.0490250918971,0.0490250918971,0.0490250918971,0.0490250918971,823664550,47627671,1036586404590,39.2628209658,4.32431385657
0.25,0.0494248805521,0.0134572142024,27.2276109766,0.625510786521,0,0.298404255319,0.6,0.0430344869739,0.0479008180937,0.139276029255,0.176925599508,0.0552859629578,0.0544895027273,0.120771121542,0.13630794153,0.0555277484823,0.0529063864943,0.109624202788,0.11263215437,0.054621110405,0.0487910682892,0.0487910682892,0.0487910682892,0.0487910682892,823720130,47572091,1072471788390,39.4319787986,4.33338668346
0.26,0.0489470890108,0.0133499359374,27.2742183595,0.623186972649,0,0.298404255319,0.6,0.0428209298312,0.0485137535784,0.138949679979,0.179708741602,0.0549923910421,0.0549317017297,0.119125274757,0.132336607963,0.0551292062733,0.0534478948312,0.10817170154,0.110202330681,0.0541460449106,0.0483287289664,0.0483287289664,0.0483287289664,0.0483287289664,824433851,46858370,1107881697690,39.598745583,4.34615510709
0.27,0.0487819265027,0.0131832164259,27.0247966225,0.620349797882,0,0.3,0.625,0.0435886028876,0.0478357853777,0.140548652799,0.183649103894,0.0552158018533,0.0535325277105,0.12296492169,0.131502950956,0.0551449301951,0.0524772377993,0.107877972561,0.110999314261,0.0538548010217,0.0481289527158,0.0481289527158,0.0481289527158,0.0481289527158,824684324,46607897,1145432829690,39.7634923439,4.35910150517
0.28,0.0489116970448,0.0132270382814,27.0426893372,0.617858811961,0,0.307975113122,0.621634615385,0.044072950695,0.0486136287345,0.142021674141,0.190602209945,0.0559072109069,0.0539374722603,0.119299522558,0.133117593005,0.0558886304874,0.0536437620332,0.10742065402,0.110586952037,0.054206285153,0.0483116052878,0.0483116052878,0.0483116052878,0.0483116052878,824774155,46518066,1178545084290,39.9261189635,4.37215551897
0.29,0.0486285613166,0.0131063518784,26.9519630513,0.615381282822,0,0.311111111111,0.620114942529,0.0439379930638,0.0491168893546,0.136785829858,0.188146341463,0.0558366417749,0.0537701657593,0.116762000581,0.134732235053,0.0558569822254,0.0536207737831,0.106909126621,0.110805545073,0.0541300311868,0.0480775816799,0.0480775816799,0.0480775816799,0.0480775816799,825005243,46286978,1209881793690,40.0963957597,4.38557719521
0.3,0.0487288385536,0.0132097353301,27.1086603379,0.612596242471,0,0.321428571429,0.625,0.0452928171681,0.0477377391635,0.144196153846,0.188146341463,0.0568209128648,0.0532155545204,0.118244027937,0.134407014087,0.0563325117283,0.0535977271485,0.107495240032,0.111029733927,0.0541984762428,0.0481689079659,0.0481689079659,0.0481689079659,0.0481689079659,824609344,46682877,1246385787130,40.2585689046,4.39702040005
0.31,0.0483336282664,0.0131144096326,27.1330957409,0.610434208046,0,0.326461769115,0.625,0.0456548857731,0.0479787080996,0.146661082644,0.200402173913,0.0570771324942,0.0531153242819,0.119480277271,0.135852177455,0.0565088736702,0.0540442338,0.106503518625,0.110938355817,0.0538994671866,0.0477693554647,0.0477693554647,0.0477693554647,0.0477693554647,825248483,46043738,1278795970330,40.4170671378,4.40964764271
0.32,0.047726066183,0.0129429085698,27.1191606704,0.607985522931,0,0.323016564952,0.632386363636,0.0453824648948,0.0485137535784,0.145146511628,0.202582218506,0.0568343089969,0.0523723822314,0.117450434067,0.13573533014,0.0560742336903,0.0527884549434,0.105608104928,0.110545340734,0.0531742349229,0.0471871503916,0.0471871503916,0.0471871503916,0.0471871503916,825846105,45446116,1311217239730,40.592385159,4.42238701049
0.33,0.0473308558957,0.0128052110352,27.0546787986,0.605567475808,0,0.333333333333,0.625,0.0451540669966,0.0471393564555,0.144250752304,0.202582218506,0.056201838832,0.0511302803193,0.11580056099,0.133829765254,0.0553838030238,0.0526386810106,0.104120618208,0.109178181671,0.052662068509,0.0467533505331,0.0467533505331,0.0467533505331,0.0467533505331,826140135,45152086,1342325857330,40.7595288575,4.43683746068
0.34,0.0471244027606,0.0126756461587,26.8982637787,0.603202889233,0,0.333333333333,0.625,0.0449797481953,0.0495100598986,0.140573655713,0.202582218506,0.0557706435759,0.0521714434112,0.112643770443,0.131847199873,0.0550525175461,0.0521864856809,0.103333622229,0.107523256068,0.0523139539075,0.0465250348181,0.0465250348181,0.0465250348181,0.0465250348181,826389079,44903142,1373973199930,40.9171436985,4.44599885776
0.35,0.0467940777444,0.0125425173101,26.8036425007,0.600710751697,0,0.333333333333,0.625,0.0450501862421,0.0488438133874,0.143671393643,0.190442890443,0.0557702451682,0.0524097443277,0.11630039568,0.131512753644,0.0552501260608,0.0529325401981,0.102179465027,0.106864559939,0.0519078406304,0.0461483138884,0.0461483138884,0.0461483138884,0.0461483138884,826850872,44441349,1406792253430,41.0861130742,4.46092577658
0.36,0.0465404353212,0.0125560264652,26.9787473593,0.597733401145,0,0.3125,0.615384615385,0.0442231620593,0.0472384369589,0.136858974359,0.180261857708,0.0549418134331,0.0510590668889,0.115015563348,0.13043568052,0.0547685964932,0.0521144722458,0.101592197849,0.1059983433,0.0516533080836,0.0459314139592,0.0459314139592,0.0459314139592,0.0459314139592,827029109,44263112,1443961708630,41.2542991755,4.47200449963
0.37,0.0461157317289,0.0123868644736,26.8603880048,0.595555339381,0,0.333333333333,0.625,0.0444423947064,0.0475172276763,0.138792882744,0.180261857708,0.0546752790033,0.0504196482717,0.115647910503,0.130644094772,0.0544660427078,0.0517803836205,0.100627003988,0.105270473668,0.0512122160297,0.045486198315,0.045486198315,0.045486198315,0.045486198315,827375528,43916693,1475211371830,41.4202473498,4.48570435289
0.38,0.0458620893057,0.0121860198294,26.5710088963,0.593281486771,0,0.333333333333,0.625,0.0448468824885,0.0468880756847,0.136627665754,0.180261857708,0.0545380272345,0.0501888529557,0.114781692986,0.128248467682,0.0542282627775,0.051031455572,0.0998491686266,0.103831312533,0.051002932727,0.0452864220644,0.0452864220644,0.0452864220644,0.0452864220644,827583331,43708890,1504807943530,41.5853886926,4.49609159211
0.39,0.0456379401876,0.0121310991194,26.5811714322,0.590945959744,0,0.333333333333,0.625,0.0446352391215,0.0464606919903,0.135533980583,0.196767676768,0.0545045818952,0.0499270726797,0.11663057427,0.131151863165,0.054106117473,0.0502307455763,0.0997216282745,0.104554567666,0.0507126881755,0.0450466905637,0.0450466905637,0.0450466905637,0.0450466905637,828035332,43256889,1536721135070,41.7497938751,4.50977572948
0.4,0.0454314870524,0.0120668412795,26.5605245666,0.588395757073,0,0.333333333333,0.632386363636,0.0451809841452,0.0476437541041,0.137779276621,0.18034965035,0.0546123729478,0.0498479742768,0.118194697557,0.129604309403,0.0540214477792,0.0510833542883,0.0990597750856,0.103245569137,0.0504136210595,0.0447955432772,0.0447955432772,0.0447955432772,0.0447955432772,828081320,43210901,1572426265370,41.9172438163,4.52317394818
0.41,0.044759039698,0.0118914346541,26.5676715459,0.58632668857,0,0.333333333333,0.634006734007,0.0451762683966,0.0458931139932,0.137695924765,0.179399386845,0.0543965414937,0.0493467936952,0.115241685381,0.127521178632,0.0535876265511,0.0496979162177,0.0983931196242,0.102577407185,0.0498849788613,0.0441905066326,0.0441905066326,0.0441905066326,0.0441905066326,828722899,42569322,1600482706970,42.085795053,4.53393874265
0.42,0.044759039698,0.0118531215882,26.4820730476,0.583763987362,0,0.333333333333,0.634006734007,0.045166206753,0.0471148403423,0.135837847986,0.185468227425,0.0542651343173,0.0500063076408,0.11577104053,0.127778624367,0.0534528118947,0.0496345233764,0.0992186002416,0.102421604792,0.0498254153683,0.0441562592753,0.0441562592753,0.0441562592753,0.0441562592753,828790711,42501510,1629849901370,42.2577031802,4.54668235975
0.43,0.0446469651389,0.0118116543254,26.4556712616,0.581359481975,0,0.333333333333,0.648255813953,0.0460475510242,0.0457681940701,0.138229752782,0.184867967853,0.0544128535964,0.0493183064459,0.119806705165,0.124816832293,0.053495051922,0.0496028561479,0.0979743414584,0.101423989832,0.0496445818448,0.0440192698463,0.0440192698463,0.0440192698463,0.0440192698463,829056605,42235616,1662442960670,42.4279387515,4.55974150167
0.44,0.0440688963605,0.0117576686617,26.6801976739,0.57896472988,0,0.333333333333,0.634006734007,0.0454293637885,0.0468436081484,0.137899870252,0.187076923077,0.0537304946477,0.048719776547,0.117380345536,0.124816832293,0.052741851325,0.0490844528301,0.0983281488801,0.103099243896,0.0490890459636,0.0434313568803,0.0434313568803,0.0434313568803,0.0434313568803,829404687,41887534,1692362541770,42.5961130742,4.5741887044
0.45,0.0438152539374,0.0117124620623,26.7314713708,0.575899865911,0,0.333333333333,0.666666666667,0.0456251274552,0.0457769048715,0.14044484669,0.214145299145,0.0538765769135,0.0475798758263,0.121293748746,0.137311091252,0.0530506697886,0.0486956503418,0.0969322683494,0.101964338414,0.0487394019283,0.0431802095938,0.0431802095938,0.0431802095938,0.0431802095938,829617743,41674478,1730068261410,42.7721672556,4.58575061498
0.46,0.0434023476671,0.0116829165535,26.9177064871,0.573654360048,0,0.333333333333,0.666666666667,0.04522609241,0.0459427767355,0.142615012107,0.214145299145,0.0537778010224,0.0480108526222,0.119476484738,0.137766855327,0.0529139554641,0.0484854154834,0.096518292456,0.100170084484,0.04851332309,0.042809196557,0.042809196557,0.042809196557,0.042809196557,830097486,41194735,1757842393110,42.9482273263,4.59951847399
0.47,0.0431074146169,0.0115103071725,26.7014555961,0.571291871512,0,0.333333333333,0.666666666667,0.0462430812896,0.045515753129,0.141816920943,0.217307692308,0.0541084574354,0.0474936684666,0.124057727192,0.140318776488,0.0532140152707,0.048877208272,0.0955483934998,0.0992273414891,0.0482818091503,0.0425295098062,0.0425295098062,0.0425295098062,0.0425295098062,830284193,41008028,1789122750510,43.1176737338,4.61143251127
0.48,0.0427181029906,0.0113866297005,26.6552793858,0.568825385307,0,0.333333333333,0.666666666667,0.0457312101599,0.0467299594571,0.141816920943,0.200316239316,0.0532893844696,0.0470268865229,0.11953889185,0.128208718101,0.05201991263,0.0477740184949,0.0949299008291,0.100280270846,0.0477781173074,0.0421470809836,0.0421470809836,0.0421470809836,0.0421470809836,830526481,40765740,1818150677310,43.2940518257,4.62648368108
0.49,0.0425116498555,0.011306501406,26.596242311,0.566505641721,0,0.333333333333,0.666666666667,0.0469337070764,0.0450239495067,0.144837890333,0.205643812709,0.0540178203342,0.0474432753645,0.12071605177,0.134452057062,0.0523292650152,0.04832420581,0.0940827399525,0.0992551092955,0.0477070622076,0.0419530126259,0.0419530126259,0.0419530126259,0.0419530126259,830507929,40784292,1848069504810,43.4619729093,4.641843272
0.5,0.0423818793134,0.0113102136912,26.6864373982,0.564345114819,0,0.333333333333,0.666666666667,0.0476804485423,0.045550119777,0.144837890333,0.205643812709,0.0541622060028,0.0474330603653,0.119741403665,0.131572419157,0.0524968901126,0.0483789196731,0.0962704151605,0.100655339885,0.0478883003792,0.0418616863399,0.0418616863399,0.0418616863399,0.0418616863399,830544456,40747765,1876314986610,43.6248586572,4.65425328799
0.51,0.041756621247,0.0112212007697,26.8728657507,0.562118151744,0,0.333333333333,0.666666666667,0.0464790590104,0.0450239495067,0.141232972407,0.188443935927,0.0530129355608,0.0474404358006,0.119261254293,0.129344901201,0.0515346923983,0.0472181425017,0.0950502377725,0.100518270579,0.047025252265,0.041176739195,0.041176739195,0.041176739195,0.041176739195,831421590,39870631,1906381073950,43.8081095406,4.67055314909
0.52,0.0414734855188,0.0110914571348,26.7434892342,0.559747237188,0,0.333333333333,0.666666666667,0.0462206116496,0.0442805661229,0.137894795999,0.188443935927,0.0528375207525,0.0462414222701,0.119261254293,0.129344901201,0.0514289228286,0.0464663993064,0.0951729758522,0.100435852023,0.0468573035065,0.0409255919085,0.0409255919085,0.0409255919085,0.0409255919085,831684699,39607522,1934705669050,43.9888574794,4.68316413783
0.53,0.0410959712145,0.0110873372683,26.979134306,0.557470692325,0,0.333333333333,0.666666666667,0.0458767443518,0.0443243906931,0.135165420656,0.184422196796,0.052150516229,0.0461477970303,0.119261254293,0.126717555357,0.0507969303216,0.0461639779096,0.0935099389031,0.09828481971,0.0462498969977,0.0405146236215,0.0405146236215,0.0405146236215,0.0405146236215,832178810,39113411,1962155205550,44.1668669022,4.69848157973
0.54,0.0406712676222,0.0110023979058,27.0520161998,0.554190624541,0,0.333333333333,0.666666666667,0.046346579354,0.0448182788274,0.143866853049,0.190368870895,0.052369397912,0.0462226368992,0.118828145535,0.130350180386,0.0507833843599,0.0461438048062,0.0935460259795,0.0975432739217,0.0461325558758,0.0401664421562,0.0401664421562,0.0401664421562,0.0401664421562,832188986,39103235,2001559006450,44.3408480565,4.7137120507
0.55,0.0401875774199,0.010892390939,27.1038754718,0.552212049895,0,0.333333333333,0.666666666667,0.0463410061436,0.0426542679537,0.145506168569,0.198407148407,0.0522950075683,0.0458375702886,0.117162320194,0.144272002118,0.0506502893219,0.0453316006854,0.0932716661524,0.0974884019563,0.0455189092701,0.0396413160118,0.0396413160118,0.0396413160118,0.0396413160118,832852891,38439330,2027351328550,44.5253886926,4.72624483647
0.56,0.0400578068778,0.010762820812,26.868222828,0.550049050545,0,0.333333333333,0.666666666667,0.0461582327369,0.0419106167057,0.137911520737,0.200316239316,0.0517712536869,0.0451984241894,0.121020139916,0.132629000761,0.050143108661,0.0449485452596,0.0926386966312,0.0963991125045,0.045185552851,0.0394814950113,0.0394814950113,0.0394814950113,0.0394814950113,833043110,38249111,2055029299480,44.6912073027,4.74027953233
0.57,0.0401403881319,0.01076917259,26.8287704508,0.547502007363,0,0.333333333333,0.666666666667,0.0476249916926,0.0445685909373,0.142615012107,0.203330914369,0.052157233971,0.0448971164145,0.126322871807,0.132269670168,0.0505367532573,0.0444876709516,0.0926459000399,0.0954378576387,0.0452654261985,0.0395614055115,0.0395614055115,0.0395614055115,0.0395614055115,832812295,38479926,2083766792080,44.8784687868,4.75746972259
0.58,0.0395564206925,0.0106460211472,26.9135097685,0.545470502172,0,0.333333333333,0.666666666667,0.0470648552163,0.0422253196261,0.138866898955,0.203330914369,0.0515705166773,0.0435318374773,0.120627175543,0.132269670168,0.0497680440689,0.0431253379001,0.0929515446709,0.0953920203929,0.044653650163,0.038950660974,0.038950660974,0.038950660974,0.038950660974,833415200,37877021,2111165102080,45.060459364,4.77479088212
0.59,0.0390786291512,0.0106811228857,27.3323888727,0.543170674128,0,0.333333333333,0.666666666667,0.0470355501149,0.0412948331723,0.14096242052,0.20279245283,0.051019026793,0.0424806666216,0.119937707197,0.129776252784,0.0493405235893,0.0426183703229,0.0933173577737,0.0954651830135,0.0442666885607,0.0384769058654,0.0384769058654,0.0384769058654,0.0384769058654,834030189,37262032,2137239675280,45.2503474676,4.79149065909
0.6,0.038795493423,0.0105705079989,27.2467419956,0.541098879712,0,0.333333333333,0.666666666667,0.0469271766629,0.0410051088808,0.145386904762,0.20279245283,0.0513677121231,0.0426186333741,0.125057175861,0.145637092316,0.0496859349685,0.043476784482,0.092920259867,0.0954927296041,0.0440902084967,0.0381915112217,0.0381915112217,0.0381915112217,0.0381915112217,834298486,36993735,2164964642080,45.4220730271,4.80485013565
0.61,0.0383412965257,0.0105618127953,27.5468326644,0.539041919082,0,0.333333333333,0.666666666667,0.0464718787116,0.0419600938967,0.145386904762,0.20279245283,0.0509800371546,0.0419127513279,0.118366573602,0.1443684356,0.0491712245762,0.0419156523127,0.0918877913028,0.0947514050315,0.0436688298198,0.0377805429348,0.0377805429348,0.0377805429348,0.0377805429348,834666183,36626038,2189044715080,45.602196702,4.81987886258
0.62,0.0381230460685,0.0103926501215,27.2608072891,0.536446239597,0,0.333333333333,0.666666666667,0.0461253535137,0.0397239204458,0.140546187897,0.20279245283,0.0502135571196,0.0423509674212,0.11796442883,0.130713101161,0.0484335547498,0.0411552301391,0.0913968389842,0.0950810792556,0.0432605927337,0.0375236877554,0.0375236877554,0.0375236877554,0.0375236877554,834827749,36464472,2221027296920,45.7862073027,4.83669882861
0.63,0.037379814782,0.0103608205329,27.7176882586,0.534227680914,0,0.333333333333,0.666666666667,0.0459302033404,0.037820092576,0.146428571429,0.253030790688,0.0504710488062,0.0409019607587,0.118213443261,0.152224064861,0.04843437868,0.0414231691608,0.0909202934829,0.0934882437481,0.0426136998492,0.0368044932533,0.0368044932533,0.0368044932533,0.0368044932533,835541521,35750700,2248895910920,45.9784923439,4.85046468279
0.64,0.0371497670029,0.0102342656576,27.5486671472,0.531520785389,0,0.333333333333,0.666666666667,0.0457868246582,0.0374834144184,0.138729722658,0.253030790688,0.0500888336986,0.0411769367223,0.115165386392,0.149686751428,0.0480705040322,0.0415700111778,0.0898998305998,0.0911448277325,0.0423055309486,0.0365704696454,0.0365704696454,0.0365704696454,0.0365704696454,835897358,35394863,2281879616420,46.162573616,4.86397972351
0.65,0.0367073674276,0.0101380367867,27.6185340904,0.529375484891,0,0.333333333333,0.691764705882,0.0453142817731,0.0374505824299,0.138920690227,0.253030790688,0.0495437080389,0.0409632195491,0.117028386234,0.146905749033,0.0475001070492,0.0412157494492,0.0886411649993,0.0920697225038,0.0417266953676,0.0361195461084,0.0361195461084,0.0361195461084,0.0361195461084,836372212,34920009,2310057951320,46.3531272085,4.88032144695
0.66,0.0365716982245,0.0100800388585,27.5624030272,0.527170669407,0,0.333333333333,0.691764705882,0.0456148998365,0.0370879820673,0.137258275261,0.253030790688,0.0494151172356,0.0399411134904,0.112775184629,0.146905749033,0.0473869940898,0.0411466095453,0.0890671465738,0.0922618849906,0.0417045459443,0.0360053882509,0.0360053882509,0.0360053882509,0.0360053882509,836415230,34876991,2338904919020,46.5416902238,4.89623652676
0.67,0.0361410959712,0.00994971314134,27.5301920818,0.525008814535,0,0.333333333333,0.691764705882,0.0457539258185,0.0370879820673,0.137258275261,0.253030790688,0.0493084323925,0.0395641406637,0.11131217633,0.146905749033,0.0470577567757,0.0399167508545,0.0884004911124,0.0915937230386,0.0412809743446,0.0356115436425,0.0356115436425,0.0356115436425,0.0356115436425,836654428,34637793,2367846701160,46.7257479388,4.9136564344
0.68,0.035852061582,0.00990781690568,27.6352780523,0.523200022327,0,0.333333333333,0.706290322581,0.0456293492607,0.036766693701,0.138920690227,0.253030790688,0.0489448646625,0.038902821514,0.112344416731,0.146905749033,0.0466772316725,0.0396028353326,0.087396906216,0.0910721075435,0.0408870948961,0.035320441106,0.035320441106,0.035320441106,0.035320441106,836968269,34323952,2388892554660,46.9051295642,4.92966227915
0.69,0.0352444994986,0.00982268080699,27.8701100788,0.521394340291,0,0.333333333333,0.673039215686,0.0451667052219,0.0349115199812,0.13078276699,0.253030790688,0.0483994000797,0.0382453165516,0.11126248963,0.148174405749,0.0461120457249,0.0392946668732,0.085902369001,0.0908801662725,0.04022786016,0.0347211123542,0.0347211123542,0.0347211123542,0.0347211123542,837488682,33803539,2413128471660,47.0886690224,4.94687627917
0.7,0.0352444994986,0.00973158944103,27.6116545262,0.519456732208,0,0.333333333333,0.673039215686,0.0453445018229,0.0355027255254,0.132160194175,0.253030790688,0.0483784435435,0.0385874945284,0.110180562529,0.149443062465,0.0461453819349,0.0392370794789,0.0864799723229,0.0912096192807,0.0403345958376,0.0347325281399,0.0347325281399,0.0347325281399,0.0347325281399,837716925,33575296,2435890200360,47.2722968198,4.96585855709
0.71,0.0346782280422,0.0096154992858,27.7277699255,0.517357591079,0,0.333333333333,0.673039215686,0.0447722208572,0.0347629055563,0.13549919968,0.253030790688,0.0476516679521,0.0380631061847,0.11023295239,0.146418371107,0.045555076871,0.0385227505746,0.0866099138112,0.0901659458589,0.0399314228063,0.0341959862097,0.0341959862097,0.0341959862097,0.0341959862097,838129296,33162925,2457350689860,47.4709658422,4.98099805003
0.72,0.034265321772,0.00955826519511,27.8948648395,0.514858380966,0,0.333333333333,0.666666666667,0.0444367168435,0.0358300439652,0.1307626057,0.253030790688,0.0471786938494,0.0372601214586,0.109251765769,0.146418371107,0.0452272183242,0.0373677204657,0.0850936963371,0.0887930406446,0.0394556465329,0.03381926528,0.03381926528,0.03381926528,0.03381926528,838539447,32752774,2489402770600,47.6675853946,4.99585983127
0.73,0.0337816315696,0.00944599548491,27.961927965,0.511088106604,0,0.333333333333,0.666666666667,0.0436970367289,0.0347150797361,0.128963133641,0.257521725137,0.0467513447531,0.0364634208425,0.110762307539,0.149908789386,0.0448459896709,0.0367110373402,0.083461944192,0.0865412991205,0.0388583306012,0.0333398022786,0.0333398022786,0.0333398022786,0.0333398022786,838974128,32318093,2537099055400,47.8827738516,5.00970897059
0.74,0.0335102931635,0.00939312470624,28.0305655949,0.509295345077,0,0.333333333333,0.666666666667,0.043599630627,0.034489268346,0.1307626057,0.257521725137,0.0465920691976,0.0361757362869,0.111821017838,0.15148286346,0.0445075615173,0.0368838579076,0.082672550651,0.0859555557245,0.0384567525104,0.0330429918491,0.0330429918491,0.0330429918491,0.0330429918491,839257819,32034402,2562247248700,48.0694699647,5.02616265333
0.75,0.0336400637055,0.00940852142316,27.9682033468,0.507307935632,0,0.333333333333,0.666666666667,0.0438817519725,0.0340698844171,0.132993527508,0.257521725137,0.0467121312234,0.035516580706,0.111968741856,0.155139579878,0.0446750250177,0.0363769487149,0.0835173103913,0.087301135564,0.0385169204338,0.0331457339209,0.0331457339209,0.0331457339209,0.0331457339209,839033350,32258871,2588234499700,48.2421849234,5.04419517416
0.76,0.0330619949272,0.00926935524273,28.0362853577,0.505726247878,0,0.333333333333,0.666666666667,0.0436067705055,0.0329966666701,0.129238945578,0.253030790688,0.0460174527026,0.0347436107514,0.111439386707,0.153565505804,0.0441367483401,0.0358296933155,0.0820323777211,0.0858275211386,0.0379606736981,0.0326091919907,0.0326091919907,0.0326091919907,0.0326091919907,839653549,31638672,2608889185000,48.4362249706,5.06588562492
0.77,0.0327493658939,0.00916432740521,27.9832209115,0.503747825417,0,0.333333333333,0.666666666667,0.0438026755072,0.033775095404,0.129146505376,0.253030790688,0.0458870536648,0.0347436107514,0.110910031557,0.149908789386,0.0438232023333,0.0351499635554,0.0819722092494,0.0857085212723,0.0377726601785,0.0323295052398,0.0323295052398,0.0323295052398,0.0323295052398,839917793,31374428,2635406736400,48.6288987044,5.08334308088
0.78,0.0325134194538,0.00916680658832,28.1939172881,0.501686770709,0,0.333333333333,0.688333333333,0.0439396047128,0.0322054078968,0.129146505376,0.253030790688,0.0458076400321,0.0345076098756,0.110910031557,0.148689883914,0.0436385805552,0.0357087714644,0.0820660636613,0.0854063936388,0.0375409561871,0.0320783579534,0.0320783579534,0.0320783579534,0.0320783579534,840231968,31060253,2661028796840,48.8256007067,5.10069666839
0.79,0.0323600542677,0.00912273463218,28.1913452824,0.499791515405,0,0.333333333333,0.666666666667,0.0437114682204,0.0338331390993,0.132721088435,0.253030790688,0.0460048793223,0.0347229542477,0.109874301846,0.155139579878,0.0438190866044,0.0357058979331,0.0826773529234,0.0853147191473,0.0375339878992,0.0319299527386,0.0319299527386,0.0319299527386,0.0319299527386,840301515,30990706,2681409217940,49.0156183746,5.12033149484
0.8,0.0318940600484,0.00912556127858,28.6121028955,0.497959099898,0,0.333333333333,0.714285714286,0.0435717933453,0.031734393404,0.129146505376,0.238271644673,0.045302935381,0.034062561029,0.108792374745,0.153565505804,0.0432363898173,0.0348159333146,0.0811828157084,0.0851227778763,0.0370159275328,0.0315018607731,0.0315018607731,0.0315018607731,0.0315018607731,840986732,30305489,2708911965140,49.21204947,5.13604239884
0.81,0.0315401403881,0.00904379960734,28.6739358038,0.495967236757,0,0.333333333333,0.714285714286,0.043258364629,0.0307693206789,0.129146505376,0.238271644673,0.0450965762339,0.0320250556006,0.109978531636,0.153565505804,0.0430069946941,0.0341303981074,0.0804223058351,0.0847567435577,0.0366155748316,0.0311765108792,0.0311765108792,0.0311765108792,0.0311765108792,841112167,30180054,2733445664540,49.4103828033,5.15551741566
0.82,0.0314516604731,0.00902095446168,28.6819656768,0.494241093686,0,0.333333333333,0.714285714286,0.043312286509,0.0304869032531,0.129146505376,0.238271644673,0.0449364123424,0.0322556009657,0.109978531636,0.153565505804,0.0428940594339,0.0341534447421,0.0804535906391,0.0846560343466,0.0364512440334,0.0310623530218,0.0310623530218,0.0310623530218,0.0310623530218,841214000,30078221,2753925620840,49.5935394582,5.17591674968
0.83,0.0305314693565,0.00859884617071,28.1638792759,0.490312867498,0,0.333333333333,0.666666666667,0.04156876819,0.031030367871,0.126360153257,0.206023222061,0.0432514221183,0.0329528360491,0.105850387179,0.134756771697,0.0412745797508,0.033197213751,0.0780083635576,0.0809580037718,0.0354546508079,0.0301719217334,0.0301719217334,0.0301719217334,0.0301719217334,841941015,29351206,2801836991280,49.8248822144,5.18492528239
0.84,0.0306435439155,0.00857034225221,27.9678560542,0.488560556748,0,0.333333333333,0.666666666667,0.0416032454059,0.0309240853958,0.125914588057,0.220451686678,0.0430888352648,0.032708409799,0.106252531951,0.133244426018,0.0412242489639,0.0333959544843,0.0775198123752,0.0809672597073,0.0355023116169,0.0302746638051,0.0302746638051,0.0302746638051,0.0302746638051,841861345,29430876,2823476235180,50.0046525324,5.20421451103
0.85,0.0304252934584,0.00861939021018,28.3296863577,0.486960122226,0,0.333333333333,0.666666666667,0.0415908797683,0.0309240853958,0.125636383586,0.220451686678,0.0429287857164,0.0325745768225,0.106104807933,0.133244426018,0.0410618645408,0.0332288809794,0.0769734938573,0.0805370974879,0.0353026790608,0.0300691796616,0.0300691796616,0.0300691796616,0.0300691796616,841974192,29318029,2845979435580,50.1959952886,5.22603777932
0.86,0.0302365363063,0.00856113004085,28.3138582877,0.485413872511,0,0.333333333333,0.666666666667,0.0415114461244,0.0307692307692,0.125700631507,0.220451686678,0.0428181185284,0.0324822478138,0.106104807933,0.133244426018,0.0409052714837,0.0329005394166,0.0768796394454,0.0808392251213,0.0350751706081,0.0298808191968,0.0298808191968,0.0298808191968,0.0298808191968,842130431,29161790,2860464310980,50.3863191991,5.2455300565
0.87,0.0296525688669,0.00847343434762,28.5757176239,0.483327732779,0,0.333333333333,0.666666666667,0.0412245656766,0.0301903988835,0.126360153257,0.214845626072,0.0425598073775,0.0319054119403,0.106909097477,0.137781463055,0.0405481264607,0.0328112847939,0.0759747112334,0.0793746454155,0.0345185953579,0.0293100299094,0.0293100299094,0.0293100299094,0.0293100299094,842719389,28572832,2889758020680,50.6135630153,5.26268230503
0.88,0.0293694331387,0.00843234906374,28.7113102385,0.480127138421,0,0.333333333333,0.666666666667,0.0408284560149,0.0282419408441,0.125914588057,0.220451686678,0.0418324152147,0.0320392449167,0.107967807776,0.133244426018,0.0399561336252,0.0317887874302,0.0762273908013,0.0782485534377,0.0341371162766,0.0289903879084,0.0289903879084,0.0289903879084,0.0289903879084,843139859,28152362,2934687910720,50.8673498233,5.27406661934
0.89,0.0292455612576,0.00844330247127,28.870372488,0.478947096108,0,0.333333333333,0.666666666667,0.0408740746134,0.027911743429,0.126360153257,0.220451686678,0.0418377162168,0.0323643405971,0.107967807776,0.133244426018,0.0399297851692,0.0315122861992,0.0761335363894,0.0785506810712,0.0340728024571,0.0288933537295,0.0288933537295,0.0288933537295,0.0288933537295,843192703,28099518,2953164426220,51.033451119,5.29861699009
0.9,0.0291747773255,0.00844103517641,28.9326464508,0.477845559331,0,0.333333333333,0.666666666667,0.0408655122815,0.0285283405418,0.126360153257,0.220451686678,0.0418053995461,0.0322790653735,0.107438452626,0.133244426018,0.0398982020407,0.0316851067667,0.0764367798842,0.078825262114,0.0340759072314,0.0288305669079,0.0288305669079,0.0288305669079,0.0288305669079,843230280,28061941,2968735280920,51.1992579505,5.32382606518
0.91,0.0289506282074,0.00840413559338,29.0291994121,0.476164868208,0,0.333333333333,0.666666666667,0.0407318964667,0.026834909932,0.126360153257,0.220451686678,0.0415904846405,0.0302510391737,0.109047031715,0.133244426018,0.0396336127335,0.0308843967709,0.076160018921,0.0790908084372,0.0337852328533,0.0285908354072,0.0285908354072,0.0285908354072,0.0285908354072,843444277,27847944,2991591050020,51.3977974087,5.34150705486
0.92,0.0286321005132,0.00830683667945,29.012320195,0.474254173852,0,0.333333333333,0.666666666667,0.040973389908,0.0276819923372,0.128757183908,0.220451686678,0.0415750896559,0.0311716840912,0.109596900505,0.140856366317,0.0395742398937,0.0307058291409,0.0753152591806,0.0777452285977,0.0334021429352,0.0282769012991,0.0282769012991,0.0282769012991,0.0282769012991,843771513,27520708,3010243728520,51.6008833922,5.3620777305
0.93,0.0280540317348,0.00815198704528,29.0581657651,0.470489049224,0,0.333333333333,0.706290322581,0.040906588264,0.0268456375839,0.125543530544,0.218997394805,0.0413216237318,0.0327316755566,0.107988321416,0.150417357656,0.0393540410423,0.0306511152779,0.0724392482523,0.0744958721134,0.0327749984193,0.0277346514761,0.0277346514761,0.0277346514761,0.0277346514761,844189956,27102265,3051660407320,51.8322968198,5.3695922262
0.94,0.0280481330738,0.00814831363783,29.0511800425,0.468663168001,0,0.333333333333,0.688333333333,0.0406863298356,0.0268456375839,0.122780577631,0.218997394805,0.0408751592061,0.0328717601983,0.107988321416,0.139398839138,0.0388114259883,0.0303745556625,0.0727472940195,0.074129616579,0.0326702711729,0.0277175277974,0.0277175277974,0.0277175277974,0.0277175277974,844187553,27104668,3078629008160,52.0142756184,5.39004476226
0.95,0.0278298826166,0.00813818905171,29.242628019,0.466861564029,0,0.333333333333,0.666666666667,0.0402892672566,0.0270097753137,0.122780577631,0.218997394805,0.0407564627423,0.0324822478138,0.107586176644,0.139398839138,0.0386401262841,0.0304696157322,0.0728965146307,0.074587325389,0.0324916356731,0.0275063357611,0.0275063357611,0.0275063357611,0.0275063357611,844317512,26974709,3103285587260,52.2292108363,5.41201414287
0.96,0.0273992803634,0.0080894785948,29.5244199392,0.465632203793,0,0.333333333333,0.666666666667,0.0401512601382,0.0260890174534,0.122780577631,0.218997394805,0.040480779234,0.0324174288441,0.107988321416,0.139398839138,0.0383801155147,0.0301844939074,0.0728965146307,0.074587325389,0.0321872411964,0.0270953674741,0.0270953674741,0.0270953674741,0.0270953674741,844846384,26445837,3122088386960,52.4213722026,5.4326277523
0.97,0.0272990031263,0.00809225156629,29.6430295599,0.463936403417,0,0.333333333333,0.666666666667,0.0397956020995,0.0260316800271,0.119262572157,0.218997394805,0.0403135391346,0.0310968387437,0.106252531951,0.139398839138,0.0381556348016,0.0296171237891,0.0733826646769,0.0748984877422,0.0320682398341,0.0269697938309,0.0269697938309,0.0269697938309,0.0269697938309,844886886,26405335,3142713015560,52.6223380448,5.45453149952
0.98,0.0271633339232,0.00804149564014,29.6042292263,0.461848241847,0,0.333333333333,0.666666666667,0.0401651945571,0.0256603919746,0.119025004846,0.218997394805,0.0402444246377,0.0313311296422,0.106252531951,0.139398839138,0.038082535948,0.0293463696207,0.0721672895614,0.0741205818593,0.0318967120429,0.0268556359734,0.0268556359734,0.0268556359734,0.0268556359734,845083593,26208628,3169766867660,52.8507656066,5.47281829373
0.99,0.0267445289919,0.00804129589713,30.0670686687,0.459215089365,0,0.333333333333,0.666666666667,0.0402545639175,0.0258607124874,0.122780577631,0.218997394805,0.0403411272556,0.0304211830145,0.105850387179,0.15199143173,0.038295726416,0.0293032082672,0.071931417947,0.073003745817,0.0315546347336,0.0264446676865,0.0264446676865,0.0264446676865,0.0264446676865,845581580,25710641,3204349257900,53.0946584217,5.48385670512
1,0.0293517371557,0.00907718537474,30.9255473589,0.457703170181,0,0.5,1,0.0703368695678,0.0315871572733,0.181411126187,0.330833333333,0.0524705374526,0.0342311188929,0.125280966485,0.251828358209,0.0479625196281,0.0327653666781,0.0822096782864,0.0841506154045,0.0367801539665,0.0294127719811,0.0294127719811,0.0294127719811,0.0294127719811,842721518,28570703,3230231388900,53.2388574794,5.51115448367