seats,bp_batch_mean,bp_batch_mean_delta,bp_batch_mean_percent_error,utilization,bp_by_hour_50,bp_by_hour_95,bp_by_hour_99,bp_by_hour_mean,bp_by_day_50,bp_by_day_95,bp_by_day_99,bp_by_day_mean,bp_by_week_50,bp_by_week_95,bp_by_week_99,bp_by_week_mean,bp_by_month_50,bp_by_month_95,bp_by_month_99,bp_by_month_mean,bp_by_year_50,bp_by_year_95,bp_by_year_99,bp_by_year_mean,billable_time,lost_billable_time,server_cost_time,num_servers,ns_delta
2,0.94030555064,0.0120983741968,1.28664285653,0.856876731437,0.916666666667,1,1,0.736647355705,0.923995957271,0.968688591703,0.975242632942,0.885924984262,0.944781446768,0.960608035502,0.961874114001,0.898085605352,0.936162366726,0.95616540371,0.956359245163,0.919325645828,0.937264549419,0.937264549419,0.937264549419,0.937264549419,54024431,817267790,31524039,1,0
4,0.886114551997,0.0216635047862,2.44477474581,0.820392137886,0.8,1,1,0.613557817931,0.850213672544,0.935888411381,0.946586338966,0.78909577376,0.890843627572,0.923179375053,0.927564017712,0.810071832548,0.880246460329,0.915168436305,0.91549276296,0.846650658573,0.880282654855,0.880282654855,0.880282654855,0.880282654855,103448295,767843926,31524039,1,0
6,0.836471420987,0.0294198476086,3.5171372112,0.789469268199,0.666666666667,0.96,1,0.527457080404,0.785449706908,0.907497695853,0.919445581197,0.709483468007,0.844964261522,0.88763039398,0.894063013471,0.736848353484,0.830491566866,0.876213588503,0.87707964724,0.782911043885,0.828631932236,0.828631932236,0.828631932236,0.828631932236,149323560,721968661,31524039,1,0
8,0.790267209343,0.0350043300485,4.42942964539,0.759167277867,0.56,0.9375,0.970865302643,0.464078136677,0.728341598432,0.876181436335,0.893264154049,0.644064655425,0.799746093238,0.852367781264,0.860971083607,0.674790805009,0.7830455906,0.838079530999,0.840214722316,0.726029524208,0.780908239914,0.780908239914,0.780908239914,0.780908239914,191456151,679836070,31524039,1,0
10,0.747543207692,0.0396726660545,5.30707330978,0.732484397066,0.444444444444,0.916666666667,0.954545454545,0.412430755856,0.664813716228,0.847891066717,0.868962794468,0.587436956819,0.75509197093,0.820699331889,0.830695764237,0.620299131437,0.739349886744,0.803880218029,0.806489238183,0.674121833379,0.736866138496,0.736866138496,0.736866138496,0.736866138496,230908667,640383554,31524039,1,0
12,0.706594703002,0.0434099015639,6.14353622797,0.708144637388,0.333333333333,0.892857142857,0.936725146199,0.370481715447,0.614151232765,0.821329220342,0.843211772503,0.538177009555,0.711508964071,0.78949244053,0.802082158103,0.571849004898,0.695915241883,0.769752320198,0.772197552067,0.626540987265,0.6952099363,0.6952099363,0.6952099363,0.6952099363,267882950,603409271,31524039,1,0
14,0.668200318528,0.0463776248075,6.94067684818,0.685881950506,0.222222222222,0.869565217391,0.923076923077,0.335266694391,0.565525997109,0.794419469499,0.822646900521,0.494151397716,0.669219201025,0.760521974229,0.77223181751,0.527732967257,0.65403500213,0.737271883147,0.739793502083,0.582868008,0.656156533254,0.656156533254,0.656156533254,0.656156533254,302704771,568587450,31524039,1,0
16,0.631575532354,0.0488403424022,7.73309602736,0.665527875013,0.111111111111,0.847826086957,0.904172240803,0.304428185122,0.512305010835,0.769879229448,0.797025765482,0.45415075585,0.626261305215,0.730225780278,0.744496475592,0.488008583082,0.615104254374,0.705369353631,0.707382826235,0.542591808307,0.619237882143,0.619237882143,0.619237882143,0.619237882143,335682027,535610194,31524039,1,0
18,0.597150946735,0.0507948052055,8.50619185705,0.646456084937,0,0.824324324324,0.888888888889,0.277432833427,0.465981148243,0.743493576592,0.776443821321,0.418053016334,0.590202572363,0.70173830103,0.716799335547,0.451607665141,0.57920713597,0.674032653439,0.677285048923,0.505082636451,0.584551017147,0.584551017147,0.584551017147,0.584551017147,366820323,504471898,31524039,1,0
20,0.564136141096,0.052070730928,9.23017107658,0.628795137895,0,0.803092399404,0.87282742681,0.25288273337,0.416717333784,0.720392255469,0.752955215809,0.385219865737,0.552342379442,0.673482758121,0.690600079637,0.418524729409,0.544815409621,0.64301245163,0.646486775222,0.470803310123,0.551627891048,0.551627891048,0.551627891048,0.551627891048,396443249,474848972,31524039,1,0
22,0.5320828172,0.0527647562429,9.91664352563,0.611783906474,0,0.779411764706,0.854646464646,0.230529717365,0.374558080808,0.694937718806,0.731458965694,0.354323571339,0.515029190861,0.646655118207,0.661793085051,0.38737768342,0.510073719758,0.612332330072,0.616184243368,0.438017884505,0.519503869951,0.519503869951,0.519503869951,0.519503869951,424289794,447002427,31524039,1,0
24,0.501917064826,0.0531432743612,10.5880588817,0.59595239102,0,0.76,0.839084101382,0.210802697719,0.337389396142,0.668756056543,0.70779816092,0.326222828646,0.479256201825,0.618941300379,0.637329440748,0.358801925022,0.479394333731,0.58260370762,0.587232981356,0.407627782335,0.489417566611,0.489417566611,0.489417566611,0.489417566611,450883834,420408387,31524039,1,0
26,0.472907450009,0.0530495191284,11.2177380854,0.580693857399,0,0.735849056604,0.824909793814,0.192604106977,0.297006016232,0.649076217456,0.686808422647,0.300286237877,0.444741271452,0.592334166713,0.613118303594,0.332496796364,0.451358690368,0.554253451084,0.55950449965,0.379501644254,0.460586999703,0.460586999703,0.460586999703,0.460586999703,475951211,395341010,31524039,1,0
28,0.445667433493,0.0525496168873,11.7912176072,0.566202967474,0,0.716203703704,0.806819468025,0.176379122764,0.261324834965,0.623948616745,0.666489301802,0.277338254752,0.413272185323,0.566605910758,0.588512373354,0.309130345946,0.42401128059,0.528016380445,0.532993003032,0.353609365525,0.433645745337,0.433645745337,0.433645745337,0.433645745337,499772124,371520097,31524039,1,0
30,0.419430189347,0.0520340522239,12.4058910268,0.552228353945,0,0.694915254237,0.789473684211,0.161425992778,0.225772992196,0.60193062441,0.643427918683,0.255573680532,0.381627473907,0.542609465763,0.566342962848,0.286730744096,0.398147242484,0.502311627811,0.507932251092,0.328869540646,0.407714788009,0.407714788009,0.407714788009,0.407714788009,522254045,349038176,31524039,1,0
32,0.394862266266,0.0510040889879,12.9169316355,0.538834261728,0,0.670927714857,0.771428571429,0.148277298381,0.191038942625,0.579385918319,0.623638954501,0.236389651268,0.351281163652,0.519869027857,0.543950604542,0.266838313703,0.373412197551,0.477235931251,0.48348613985,0.306779548974,0.383547569579,0.383547569579,0.383547569579,0.383547569579,543559433,327732788,31524039,1,0
34,0.370825222674,0.049822354584,13.4355355401,0.525951649899,0,0.65,0.756097560976,0.135968067672,0.159143979656,0.55910663518,0.600781413057,0.218167026557,0.323776305161,0.496040040332,0.519530672917,0.247882074344,0.350215179769,0.45209843366,0.45798890575,0.285694828827,0.359985387794,0.359985387794,0.359985387794,0.359985387794,563724091,307568130,31524039,1,0
36,0.348274641656,0.0483925742989,13.894946261,0.513617263286,0,0.630434782609,0.741176470588,0.124965553513,0.12886496098,0.538207653155,0.582581638987,0.201830137526,0.298102425807,0.475601193915,0.496736131689,0.230727918332,0.328847233178,0.428918150797,0.434716225157,0.266510327303,0.3379529213,0.3379529213,0.3379529213,0.3379529213,582886463,288405758,31524039,1,0
38,0.327310800448,0.0470196993465,14.3654591544,0.5017369418,0,0.606703747073,0.723166208791,0.115075079598,0.107637017071,0.51497179934,0.566269204368,0.187018291925,0.274700014335,0.453518183313,0.476828283239,0.214973787462,0.308311547042,0.40663743613,0.412876083751,0.248751740687,0.317473001667,0.317473001667,0.317473001667,0.317473001667,601037447,270254774,31524039,1,0
40,0.306907332036,0.0454423137818,14.806525957,0.490195733643,0,0.585452961672,0.70922832981,0.105740765413,0.0894019297629,0.49322023342,0.543689439743,0.173039340005,0.251663194266,0.431821671282,0.456269729604,0.200061404058,0.289437858592,0.384397019083,0.390769035285,0.231998875421,0.297592410786,0.297592410786,0.297592410786,0.297592410786,618117977,253174244,31524039,1,0
42,0.287447649384,0.0439375913092,15.2854237645,0.47921611051,0,0.561463590483,0.694804474904,0.0971186871399,0.0694556083303,0.472414077213,0.522826545832,0.159924894247,0.227520875745,0.413096153591,0.437320199379,0.186025135262,0.271082515075,0.363160838773,0.370084907873,0.216078640955,0.278653622229,0.278653622229,0.278653622229,0.278653622229,634486749,236805472,31524039,1,0
44,0.268784285967,0.0422441758266,15.716758022,0.46870815504,0,0.538461538462,0.678462732919,0.0891619114061,0.0550091340884,0.454272715407,0.5047725,0.147797813914,0.209368096588,0.393649790728,0.417821639196,0.172936507075,0.253885016814,0.342451410803,0.348406264593,0.201215882901,0.260502522889,0.260502522889,0.260502522889,0.260502522889,650125263,221166958,31524039,1,0
46,0.251312452073,0.0407812936658,16.2273271099,0.458511379481,0,0.517342799189,0.662980342422,0.0818023868882,0.0379166081707,0.434208683473,0.48715731332,0.136580706492,0.190071565635,0.374785951992,0.40015012742,0.160726999006,0.237900136056,0.323333635703,0.328879062447,0.187383594139,0.243521541588,0.243521541588,0.243521541588,0.243521541588,664890008,206402213,31524039,1,0
48,0.234176841857,0.0390262288292,16.6652810414,0.448610794025,0,0.492365097589,0.646537602383,0.0748695692012,0.0261473249801,0.410698356808,0.474570651558,0.125888321174,0.172404533715,0.35354318829,0.38099644507,0.149001838105,0.22104827893,0.304250528917,0.308900516324,0.17396140956,0.226860202288,0.226860202288,0.226860202288,0.226860202288,678817160,192475061,31524039,1,0
50,0.218244558485,0.037438780162,17.154507962,0.439075476337,0,0.471698113208,0.631026315789,0.0684785230606,0.0169309462916,0.392100840336,0.460144035253,0.116006081212,0.156218214625,0.336792613423,0.361950582325,0.138015989069,0.203631445657,0.286468479079,0.290282047926,0.16136362905,0.211357565241,0.211357565241,0.211357565241,0.211357565241,692071622,179220599,31524039,1,0
52,0.203344540789,0.0358971471468,17.6533616331,0.429857559838,0,0.446153846154,0.614197994987,0.0626857514912,0.00697768762677,0.375329627715,0.445982005396,0.106909125194,0.13808155185,0.319840047484,0.344044398108,0.127899542674,0.187060279117,0.269355104217,0.273202699285,0.149750063261,0.196882348912,0.196882348912,0.196882348912,0.196882348912,704644017,166648204,31524039,1,0
54,0.188763050787,0.0343242740879,18.1837885882,0.420881320654,0,0.425584579735,0.603818710359,0.057175559424,0,0.361197556331,0.43445583022,0.0981812721619,0.121309516119,0.302624033341,0.327393067707,0.118089752226,0.170242510095,0.253062853363,0.256837508614,0.138347457698,0.182721066691,0.182721066691,0.182721066691,0.182721066691,716465475,154826746,31524039,1,0
56,0.175243319766,0.0328049835998,18.7196771001,0.412230780906,0,0.402597402597,0.586369382022,0.0522155162601,0,0.344359575565,0.421639888245,0.0902905807612,0.107934618596,0.28622742645,0.311905580303,0.109122153148,0.155087623598,0.237029939753,0.240768600133,0.127990415132,0.169615744652,0.169615744652,0.169615744652,0.169615744652,727730036,143562185,31524039,1,0
58,0.162614286557,0.0314582115826,19.3452938537,0.403866041557,0,0.378611369991,0.572272727273,0.0476224975274,0,0.329083177191,0.409866143323,0.0829604992786,0.0955423310789,0.271127027486,0.296932376066,0.100811758911,0.140357510648,0.222958909088,0.226283590105,0.118355512366,0.157378022329,0.157378022329,0.157378022329,0.157378022329,738426353,132865868,31524039,1,0
60,0.150132719873,0.0299706428813,19.9627655495,0.395757771818,0,0.355707762557,0.547944430475,0.0432881045836,0,0.310785799366,0.395240633753,0.0759107631208,0.08366511698,0.255246501363,0.280759386554,0.0927024740118,0.127004917795,0.207785861034,0.210875484218,0.108986777732,0.145282997329,0.145282997329,0.145282997329,0.145282997329,748553006,122739215,31524039,1,0
62,0.138535952339,0.0284879460325,20.5635761343,0.387833706433,0,0.327586206897,0.535909200676,0.0392917982319,0,0.293723741557,0.382413292691,0.0694469395173,0.0735261996845,0.240719982097,0.265473303783,0.0851999172372,0.114174479564,0.194104465527,0.196987782546,0.100257212345,0.134055572045,0.134055572045,0.134055572045,0.134055572045,758017263,113274958,31524039,1,0
64,0.127877071905,0.0271383066706,21.2221833565,0.380120862883,0,0.30303030303,0.51691017316,0.0357238638716,0,0.277714967959,0.367630714226,0.0635610810251,0.0642642226161,0.225915708084,0.252116221072,0.078360309393,0.102961623718,0.181373530848,0.18329017304,0.0923678746321,0.123741409621,0.123741409621,0.123741409621,0.123741409621,766908474,104383747,31524039,1,0
66,0.117766766944,0.0257435140654,21.85974425,0.372557097449,0,0.283825492159,0.5,0.0324091288594,0,0.265165084973,0.352543048051,0.0580599149535,0.0555078067207,0.211409608606,0.238103195602,0.0718988880274,0.0929158971499,0.168604815713,0.17047101088,0.0849090634162,0.113958081235,0.113958081235,0.113958081235,0.113958081235,775137295,96154926,31524039,1,0
68,0.108594349083,0.0245547468342,22.6114406887,0.365207331981,0,0.257697947214,0.488173567782,0.0294561529465,0,0.250872001813,0.339555354108,0.0531416425373,0.0473807450162,0.198279387577,0.225826408084,0.0660385097914,0.0834371441349,0.15745271922,0.158769520357,0.0781505256419,0.105082307815,0.105082307815,0.105082307815,0.105082307815,782871092,88421129,31524039,1,0
70,0.0996519790008,0.0232651231771,23.3463734593,0.358086836525,0,0.238759881423,0.466666666667,0.0266716859268,0,0.232188676614,0.328642719547,0.048405806999,0.0407417968037,0.185687579327,0.213266301381,0.0603937469429,0.0745449852507,0.1455997966,0.14659179434,0.0716722173667,0.0964291422179,0.0964291422179,0.0964291422179,0.0964291422179,790184038,81108183,31524039,1,0
72,0.0914056509172,0.0221011697773,24.1792160064,0.351158472269,0,0.209135772749,0.453434108527,0.0241015657254,0,0.222438419018,0.315700698772,0.0440572540775,0.0345951715333,0.173999521056,0.201391696785,0.0551660016493,0.066538103915,0.135166970227,0.13570629838,0.0655978105955,0.0884495079796,0.0884495079796,0.0884495079796,0.0884495079796,797035203,74257018,31524039,1,0
74,0.0834719518669,0.020920916221,25.0634084301,0.344390331558,0,0.189655172414,0.43023255814,0.0216578736288,0,0.209670662987,0.302614995279,0.0399282275418,0.0294509064032,0.161620581766,0.189926664949,0.0501849699114,0.0593153677484,0.124732587782,0.125034354104,0.059788047392,0.0807723920637,0.0807723920637,0.0807723920637,0.0807723920637,803386494,67905727,31524039,1,0
76,0.0765115318823,0.0197886611904,25.8636321918,0.337770253094,0,0.161290322581,0.417214974475,0.0195713221542,0,0.195295555172,0.291003588291,0.0363418422149,0.0241769171037,0.150456419789,0.178283024334,0.0458506172361,0.0532308112009,0.115233507853,0.115248048611,0.0547673801467,0.0740370784721,0.0740370784721,0.0740370784721,0.0740370784721,809239080,62053141,31524039,1,0
78,0.0699404235239,0.0186421915302,26.6543875357,0.33132159792,0,0.136363636364,0.4,0.017617878124,0,0.184332844575,0.280368498584,0.0329788314134,0.0199648276043,0.140213432503,0.168285064595,0.041769378703,0.0472818171998,0.106349407713,0.106452440919,0.0500255819724,0.0676784858102,0.0676784858102,0.0676784858102,0.0676784858102,814678408,56613813,31524039,1,0
80,0.0636465522326,0.0175584474956,27.5874291374,0.325024641512,0,0.113873106061,0.386421052632,0.0157736742197,0,0.172485438378,0.265957091596,0.029793537729,0.0160359528801,0.129322747411,0.159062537696,0.0378715200437,0.0424652473196,0.0977590803669,0.0984245562364,0.0455019597375,0.0615881641133,0.0615881641133,0.0615881641133,0.0615881641133,819687158,51605063,31524039,1,0
82,0.0576889046187,0.0166358994878,28.8372601244,0.318949980811,0,0.0909090909091,0.361635094716,0.014051036361,0,0.159241494689,0.254082135642,0.0267806212118,0.0122274004923,0.119132706051,0.150666546153,0.0341825112265,0.0370542093845,0.0895885521665,0.0911895998342,0.0411834340084,0.0558231923103,0.0558231923103,0.0558231923103,0.0558231923103,824476514,46815707,31524039,1,0
84,0.052220845868,0.0156353518702,29.9408246081,0.312958178028,0,0.0714285714286,0.339243243243,0.0125023279429,0,0.14591025885,0.24004998557,0.024049329192,0.0088718232527,0.109411867582,0.142330299651,0.0308096232871,0.0328904439263,0.0818769266238,0.0841527692312,0.037221833839,0.0505319756159,0.0505319756159,0.0505319756159,0.0505319756159,828719288,42572933,31524039,1,0
86,0.0473839438447,0.0147456512803,31.1195102895,0.307180529016,0,0.047619047619,0.317073170732,0.0111525207572,0,0.132121359916,0.225991746032,0.0216571618939,0.00599298020768,0.101113020956,0.134068577864,0.027820787456,0.0291221019369,0.0750379036506,0.0776094949449,0.0337194479145,0.045851503459,0.045851503459,0.045851503459,0.045851503459,832787104,38505117,31524039,1,0
88,0.0429540494308,0.0140125391768,32.6221610359,0.301498082723,0,0.0213922294172,0.3,0.00992756668154,0,0.122146076315,0.214466551227,0.0194654649626,0.00371466437528,0.0928782917455,0.127050980373,0.0250918733823,0.0255236142713,0.0689568794003,0.0718558920091,0.0304878442778,0.0415648759104,0.0415648759104,0.0415648759104,0.0415648759104,836390484,34901737,31524039,1,0
90,0.0389370612871,0.0133492138542,34.2840815742,0.295927870932,0,0,0.282459459459,0.0088377210807,0,0.111242624667,0.202088311688,0.0175036542181,0.00239596289122,0.0855552720613,0.120413396293,0.0226459301718,0.0224081208611,0.0630499895184,0.0666333938626,0.0276128787565,0.037677800863,0.037677800863,0.037677800863,0.037677800863,839595757,31696464,31524039,1,0
92,0.0352857901256,0.0127211239652,36.0516908363,0.29053912221,0,0,0.269009009009,0.00785711119605,0,0.102861510278,0.192872535892,0.0157207322859,0.00132484744331,0.0786275649478,0.11340318864,0.0204116932741,0.0195341024998,0.0582787701763,0.0616734782465,0.0249521388432,0.0341446151739,0.0341446151739,0.0341446151739,0.0341446151739,842624929,28667292,31524039,1,0
94,0.0318704654044,0.0119681107219,37.5523562963,0.285270419835,0,0,0.253686960016,0.00695234680441,0,0.0899909592691,0.184196566146,0.0140918187136,0.000606673171868,0.0718584904596,0.106221762045,0.0183430840334,0.0172306491803,0.0536578918089,0.056779079248,0.0224732186812,0.0308397451997,0.0308397451997,0.0308397451997,0.0308397451997,845330329,25961892,31524039,1,0
96,0.0288798442753,0.0113337032115,39.244336304,0.280129297716,0,0,0.236727941176,0.0061822311609,0,0.0782487152646,0.173518508328,0.0126768646021,0.000123793018074,0.0655996283541,0.100344204788,0.01655035445,0.0153120006745,0.0495850349292,0.0527032529979,0.0203126991665,0.0279458435124,0.0279458435124,0.0279458435124,0.0279458435124,847757463,23534758,31524039,1,0
98,0.0262077508406,0.010750168995,41.0190445583,0.27514661372,0,0,0.208963178295,0.00550056964501,0,0.0714907094595,0.166043852569,0.0114184072693,0,0.0609849966536,0.0944069024904,0.0149517060877,0.0135870653486,0.0457259411825,0.0485638341068,0.0183907994462,0.0253601680404,0.0253601680404,0.0253601680404,0.0253601680404,850025793,21266428,31524039,1,0
100,0.023954462337,0.0102280802587,42.6980164062,0.270263733654,0,0,0.186449612403,0.00494477100595,0,0.0664217342342,0.159103107345,0.0103670905246,0,0.0568526572531,0.0897580635114,0.0136103822038,0.0121089364779,0.0427982269265,0.045603246945,0.016760571864,0.0231797529624,0.0231797529624,0.0231797529624,0.0231797529624,851980448,19311773,31524039,1,0
102,0.0217837550876,0.00966137263492,44.3512727538,0.265518123686,0,0,0.168192488263,0.00442637493566,0,0.0631320382883,0.149626332942,0.00938594370148,0,0.0522986099136,0.0849675649399,0.012330998399,0.0106467135111,0.0398057620726,0.0425588128186,0.0151822224935,0.0210792483847,0.0210792483847,0.0210792483847,0.0210792483847,853760776,17531445,31524039,1,0
104,0.0198607916003,0.00916266087143,46.1344192912,0.260878546711,0,0,0.151764480245,0.00398322846073,0,0.0592088963964,0.140683438501,0.00853266232473,0,0.0485831976464,0.0803710811646,0.0112154542004,0.0095401050961,0.0372764141723,0.0400323831535,0.0138294484706,0.0192184753077,0.0192184753077,0.0192184753077,0.0192184753077,855290330,16001891,31524039,1,0
106,0.0182504571462,0.00870628745513,47.7044897307,0.256370660139,0,0,0.133333333333,0.00361261899782,0,0.0532864526162,0.13347573801,0.00781354316152,0,0.0454571972661,0.0762513050265,0.0102692588254,0.00847330559825,0.0351402870441,0.037797288178,0.0126644991455,0.017660220553,0.017660220553,0.017660220553,0.017660220553,856674901,14617320,31524039,1,0
108,0.0166047307261,0.00825810990777,49.7334768264,0.251989668548,0,0,0.113336347197,0.00323294757136,0,0.0477974900834,0.128270156162,0.00707737272448,0,0.042115870563,0.0721912739292,0.00930102580753,0.00736936288627,0.03290982101,0.0356851191116,0.0114892060662,0.0160677184411,0.0160677184411,0.0160677184411,0.0160677184411,857923071,13369150,31524039,1,0
110,0.0152598360172,0.00784131806424,51.3853363522,0.247745903603,0,0,0.0967560882801,0.00293153766298,0,0.0413827363799,0.121462903857,0.00647966297328,0,0.0391408723316,0.0684589010393,0.00852471115719,0.00654670414052,0.0308834695385,0.0337555666479,0.0105111172945,0.0147663188657,0.0147663188657,0.0147663188657,0.0147663188657,859094668,12197553,31524039,1,0
112,0.0139149413083,0.00740522997225,53.2178311656,0.243629762762,0,0,0.0798300536673,0.00263791462032,0,0.0353156162644,0.112386547069,0.00588841789058,0,0.0358742632559,0.0645405295346,0.00774697990744,0.00580582873554,0.0287226854868,0.0316927824004,0.00955198989163,0.0134649192904,0.0134649192904,0.0134649192904,0.0134649192904,860181744,11110477,31524039,1,0
114,0.0126821211585,0.00693617658868,54.6925589339,0.23961874708,0,0,0.0650914634146,0.00237089012397,0,0.0307390407138,0.104978813559,0.00534757533856,0,0.0329734064661,0.0600930951889,0.00703980489754,0.0049021689198,0.0266365148023,0.0296449208265,0.00864712575954,0.0122719696797,0.0122719696797,0.0122719696797,0.0122719696797,861127583,10164638,31524039,1,0
116,0.0114905916357,0.00651113707569,56.6649419118,0.235726696893,0,0,0.0485342401501,0.00212195388222,0,0.0283309562025,0.0963886748844,0.00483004374429,0,0.0298896735334,0.0564278571769,0.00635095592056,0.00412845659772,0.0246697683449,0.0276563925204,0.00777347890476,0.0111189753191,0.0111189753191,0.0111189753191,0.0111189753191,862002680,9289541,31524039,1,0
118,0.010476021943,0.00608146817616,58.0513119316,0.231950902504,0,0,0.0329685362517,0.00191684114541,0,0.0249260823614,0.0906022504708,0.00439585540475,0,0.0271051427283,0.0526209595722,0.005778689307,0.00357070700028,0.0228226603135,0.0259044824349,0.00707039622748,0.0101372177447,0.0101372177447,0.0101372177447,0.0101372177447,862819457,8472764,31524039,1,0
120,0.0095558308264,0.00576549930563,60.3348825484,0.228285870718,0,0,0.0220535500837,0.00173069874937,0,0.0206060813771,0.0846246798493,0.00399746545133,0,0.0246863642092,0.0499984412234,0.0052532116609,0.00300883405734,0.0213537647013,0.0243700085234,0.00640909081946,0.00924678645631,0.00924678645631,0.00924678645631,0.00924678645631,863579123,7713098,31524039,1,0
122,0.00873001828585,0.00544108190868,62.3261227013,0.224732306669,0,0,0.0063725490196,0.00156479795293,0,0.017413121885,0.079972259887,0.00363812007886,0,0.0228411020322,0.047137569056,0.0047794510808,0.00247624928953,0.0199146715962,0.0228060466907,0.00581763963804,0.00844768145391,0.00844768145391,0.00844768145391,0.00844768145391,864305340,6986881,31524039,1,0
124,0.00788650976228,0.00513040345106,65.0529017994,0.221273586464,0,0,0,0.00139803696591,0,0.014480223865,0.0729984274953,0.00327823842304,0,0.0203890484339,0.0444928811961,0.00430094926107,0.0019541852638,0.0184110420923,0.021335522846,0.00522867973808,0.00763145277289,0.00763145277289,0.00763145277289,0.00763145277289,864954209,6338012,31524039,1,0
126,0.0071609744588,0.00483463863764,67.5136975485,0.217919230384,0,0,0,0.00125538059927,0,0.0122881128394,0.0674715151515,0.00296743503392,0,0.0189177889164,0.0419522773992,0.00388999903727,0.00157258947379,0.0170714334766,0.0197914579112,0.00471238352194,0.00692938194936,0.00692938194936,0.00692938194936,0.00692938194936,865581484,5710737,31524039,1,0
128,0.00643543915531,0.00454176637919,70.5743037822,0.214660792524,0,0,0,0.00111313188912,0,0.00921608462957,0.0619874747475,0.00265661781524,0,0.0171306897318,0.0394566389689,0.00347740926653,0.00117634959622,0.0156822968151,0.01841472948,0.00419220573137,0.00622731112582,0.00622731112582,0.00622731112582,0.00622731112582,866172825,5119396,31524039,1,0
130,0.00578068778387,0.00418765514185,72.4421608365,0.211480730382,0,0,0,0.000991286669204,0,0.007168065823,0.0564349315306,0.00237875891239,0,0.0153020650944,0.0364245478607,0.00311047275393,0.000870248295123,0.0142781518006,0.0169641025331,0.00374029044672,0.00559373501678,0.00559373501678,0.00559373501678,0.00559373501678,866674483,4617738,31524039,1,0
132,0.00520261900549,0.00393663055487,75.6663240325,0.208390164302,0,0,0,0.000878974490619,0,0.00475677017561,0.0516756110244,0.00213643900302,0,0.0141568916094,0.0340779588601,0.00278763233552,0.000654285570487,0.0130234477193,0.0157206058856,0.00335219852214,0.0050343615151,0.0050343615151,0.0050343615151,0.0050343615151,867147556,4144665,31524039,1,0
134,0.00468353683714,0.00368725359158,78.7279724661,0.20537734711,0,0,0,0.000783505124073,0,0.00217858122942,0.0480654879529,0.00191876953085,0,0.0128842606486,0.0318132844114,0.00249969879697,0.00055362625195,0.0118783050957,0.0146053667972,0.00299845944143,0.00453206694217,0.00453206694217,0.00453206694217,0.00453206694217,867559349,3732872,31524039,1,0
136,0.00421164395682,0.00347528103442,82.5160215357,0.202452689219,0,0,0,0.000697947258212,0,0,0.0447394695788,0.00172075037556,0,0.0115583026986,0.0298614884961,0.00223720760207,0.000440701204583,0.0108924661747,0.013628333717,0.00267896350325,0.00407543551223,0.00407543551223,0.00407543551223,0.00407543551223,867969200,3323021,31524039,1,0
138,0.00377514304253,0.00322586549964,85.4501528366,0.199586519731,0,0,0,0.000622171405518,0,0,0.0406827110418,0.00154290029205,0,0.010723399121,0.0274329849436,0.00200177453937,0.000244834002546,0.00990169586895,0.0126857627824,0.00238555764843,0.00365305143953,0.00365305143953,0.00365305143953,0.00365305143953,868264706,3027515,31524039,1,0
140,0.00339762873828,0.00299461499279,88.138381897,0.196803729234,0,0,0,0.000556342061342,0,0,0.0368133541342,0.0013883431866,0,0.00979197044689,0.0254140541504,0.00179752208809,0.000146900401528,0.0090650836821,0.0117385750491,0.0021388667576,0.00328774629558,0.00328774629558,0.00328774629558,0.00328774629558,868566781,2725440,31524039,1,0
142,0.00306730372206,0.0028086925755,91.5687792931,0.194095109762,0,0,0,0.000498735049782,0,0,0.0331302964119,0.00125150448184,0,0.0089570668693,0.0237751367685,0.0016173316836,0.000048966800509,0.00832817018365,0.0109885691661,0.00192052678692,0.00296810429462,0.00296810429462,0.00296810429462,0.00296810429462,868849977,2442244,31524039,1,0
144,0.00274287736684,0.00264236243991,96.3354203092,0.191452660363,0,0,0,0.000443670664654,0,0,0.029735850234,0.00111696890306,0,0.00812216329171,0.0221140498755,0.00144032708438,0,0.00752672028643,0.010332001271,0.00171063134964,0.00265417018653,0.00265417018653,0.00265417018653,0.00265417018653,869092003,2200218,31524039,1,0
146,0.00247153896066,0.00251084136739,101.590199764,0.188878431507,0,0,0,0.000396892479936,0,0,0.0269186271451,0.00100245427301,0,0.00736206024604,0.0209370604566,0.00129018620835,0,0.00691930798344,0.00974968931735,0.00153694474358,0.00239160711432,0.00239160711432,0.00239160711432,0.00239160711432,869314812,1977409,31524039,1,0
148,0.00221789653749,0.00235765524301,106.301407805,0.186374450493,0,0,0,0.000353901142255,0,0,0.0240841809672,0.000895867995531,0,0.00639928016923,0.0197748507119,0.00114970193258,0,0.00636656930987,0.00914286366701,0.00137607644206,0.00214616772072,0.00214616772072,0.00214616772072,0.00214616772072,869540766,1751455,31524039,1,0
150,0.0019406594703,0.00219053644554,112.875879518,0.183934649364,0,0,0,0.000305832961185,0,0,0.0206897347894,0.000781189614828,0,0.00541477552781,0.0182178478819,0.000997980745657,0,0.00572420891621,0.00844721682755,0.00119860378868,0.00187789675563,0.00187789675563,0.00187789675563,0.00187789675563,869754459,1537762,31524039,1,0
152,0.00176369964018,0.00208838790574,118.409498883,0.181547720489,0,0,0,0.000276380193502,0,0,0.0184325117005,0.000708953317069,0,0.00475119757866,0.0171227730149,0.000904095052865,0,0.00525122919337,0.00799813665753,0.00108821900527,0.00170665996941,0.00170665996941,0.00170665996941,0.00170665996941,869913848,1378373,31524039,1,0
154,0.00159263847107,0.00194952356392,122.408418442,0.179220609818,0,0,0,0.000247564718545,0,0,0.0158694539782,0.000641090653612,0,0.00433374578986,0.0157295992886,0.000814672514749,0,0.00476817250221,0.00744069582621,0.000980658260788,0.00154113107605,0.00154113107605,0.00154113107605,0.00154113107605,870062654,1229567,31524039,1,0
156,0.00143337462396,0.00182254736029,127.150804111,0.176951104903,0,0,0,0.000221523686254,0,0,0.0138836193448,0.000576508320756,0,0.00390531300425,0.0144233954069,0.000731916203248,0,0.00430505554874,0.00692269136498,0.000881655104004,0.00138701796845,0.00138701796845,0.00138701796845,0.00138701796845,870201311,1090910,31524039,1,0
158,0.00128590809886,0.00171832795904,133.627586649,0.174735081546,0,0,0,0.000198308343307,0,0,0.0116114069877,0.0005165991517,0,0.00318207244002,0.0134881019436,0.000655268126887,0,0.00388674945531,0.00644909749829,0.000791795403188,0.00124432064659,0.00124432064659,0.00124432064659,0.00124432064659,870320173,972048,31524039,1,0
160,0.00117383353979,0.00163702573275,139.459785163,0.172570289534,0,0,0,0.000180570161635,0,0,0.0094432483475,0.00047151470653,0,0.00262763451809,0.0126170839738,0.000596836678943,0,0.00360287594203,0.00610873541528,0.000724318390037,0.00113587068198,0.00113587068198,0.00113587068198,0.00113587068198,870418006,874215,31524039,1,0
162,0.00108535362473,0.00155135682373,142.935609961,0.17045754245,0,0,0,0.000167179572855,0,0,0.00768993046613,0.000436196208768,0,0.00214547414194,0.0119258630976,0.000550864505551,0,0.00332393381343,0.00573391118665,0.000669647119186,0.00105025228887,0.00105025228887,0.00105025228887,0.00105025228887,870508655,783566,31524039,1,0
164,0.000979177726656,0.00146448755567,149.562997176,0.168394461933,0,0,0,0.000150011627757,0,0,0.00545631728045,0.000394319226099,0,0.00144648112846,0.0112346422215,0.000495625980138,0,0.00309201268589,0.00536849115823,0.000603670792714,0.000947510217128,0.000947510217128,0.000947510217128,0.000947510217128,870589668,702553,31524039,1,0
166,0.000867103167581,0.00137753680729,158.866540775,0.166380060947,0,0,0,0.000132663394009,0,0,0.00363754485364,0.000348692087634,0,0.000964320752307,0.0102043256007,0.000436867391035,0,0.00278652869579,0.00498835855731,0.000536269587423,0.000839060252517,0.000839060252517,0.000839060252517,0.000839060252517,870665274,626947,31524039,1,0
168,0.000725535303486,0.00121612812109,167.61804908,0.164409245411,0,0,0,0.000108987079607,0,0,0.00181877242682,0.000291866398658,0,0.000482160376153,0.00882188384839,0.000364028187032,0,0.00238347532558,0.00434057312254,0.000449385541245,0.000702070823535,0.000702070823535,0.000702070823535,0.000702070823535,870717702,574519,31524039,1,0
170,0.000619359405415,0.00112505313333,181.64786447,0.162487655849,0,0,0,0.000090602184496,0,0,0,0.000249025259211,0,0,0.00788659038508,0.000308737973963,0,0.00210006038145,0.00392940590826,0.000384656759159,0.000599328751798,0.000599328751798,0.000599328751798,0.000599328751798,870785424,506797,31524039,1,0
172,0.000560372795375,0.00104514877763,186.509549759,0.160605997987,0,0,0,0.000080915818401,0,0,0,0.000225166286294,0,0,0.00711059557277,0.000278674339424,0,0.0018974690422,0.0036407486826,0.000349261500222,0.000542249823055,0.000542249823055,0.000542249823055,0.000542249823055,870827356,464865,31524039,1,0
174,0.00050728484634,0.000965874339038,190.400786857,0.158767162732,0,0,0,0.000072545186381,0,0,0,0.000203884473552,0,0,0.00641937469663,0.000251807308812,0,0.00171588209477,0.0033562923353,0.000317048724896,0.000490878787187,0.000490878787187,0.000490878787187,0.000490878787187,870866908,425313,31524039,1,0
176,0.000471892880316,0.0009093642316,192.705647729,0.156967776098,0,0,0,0.000067558724313,0,0,0,0.000189465706707,0,0,0.00596197718631,0.000233986545774,0,0.00159517901453,0.00315490960652,0.00029540352121,0.000456631429941,0.000456631429941,0.000456631429941,0.000456631429941,870893460,398761,31524039,1,0
178,0.000460095558308,0.00088663012581,192.705647729,0.155208456397,0,0,0,0.000065712452305,0,0,0,0.000184729064039,0,0,0.00581292775665,0.000228136882129,0,0.00155529953917,0.00307603686636,0.00028801843318,0.000445215644193,0.000445215644193,0.000445215644193,0.000445215644193,870917943,374278,31524039,1,0
180,0.000424703592285,0.00081842780844,192.705647729,0.153487464669,0,0,0,0.000059990949608,0,0,0,0.000170519136036,0,0,0.00536577946768,0.000210587891196,0,0.00143566111308,0.00283941864587,0.000265863169089,0.000410968286947,0.000410968286947,0.000410968286947,0.000410968286947,870938068,354153,31524039,1,0
182,0.000395210287265,0.000761592543965,192.705647729,0.151804139022,0,0,0,0.00005506436958,0,0,0,0.000158677529367,0,0,0.00499315589354,0.000195963732085,0,0.00133596242467,0.00264223679546,0.000247400449013,0.000382428822576,0.000382428822576,0.000382428822576,0.000382428822576,870957287,334934,31524039,1,0
184,0.000371615643249,0.000716124332385,192.705647729,0.150158024263,0,0,0,0.000050876298356,0,0,0,0.000149204244032,0,0,0.00469505703422,0.000184264404797,0,0.00125620347395,0.00248449131514,0.000232630272953,0.000359597251079,0.000359597251079,0.000359597251079,0.000359597251079,870980084,312137,31524039,1,0
186,0.000348020999233,0.000670656120805,192.705647729,0.148547903498,0,0,0,0.000047496594876,0,0,0,0.000139730958696,0,0,0.0043969581749,0.000172565077508,0,0.00117644452322,0.00232674583481,0.000217860096892,0.000336765679582,0.000336765679582,0.000336765679582,0.000336765679582,871006362,285859,31524039,1,0
188,0.000336223677225,0.000647922015015,192.705647729,0.146970857633,0,0,0,0.000045650322868,0,0,0,0.000134994316029,0,0,0.00424790874525,0.000166715413864,0,0.00113656504786,0.00224787309465,0.000210475008862,0.000325349893833,0.000325349893833,0.000325349893833,0.000325349893833,871025629,266592,31524039,1,0
190,0.000306730372206,0.00059108675054,192.705647729,0.145428671451,0,0,0,0.000040723742841,0,0,0,0.00012315270936,0,0,0.0038752851711,0.000152091254753,0,0.00103686635945,0.00205069124424,0.000192012288786,0.000296810429462,0.000296810429462,0.000296810429462,0.000296810429462,871054831,237390,31524039,1,0
192,0.000289034389194,0.000556985591855,192.705647729,0.143917090013,0,0,0,0.000038082548163,0,0,0,0.000116047745358,0,0,0.00365171102662,0.000143316759286,0,0.000977047146402,0.001932382134,0.000180934656741,0.000279686750839,0.000279686750839,0.000279686750839,0.000279686750839,871074808,217413,31524039,1,0
194,0.000259541084174,0.00050015032738,192.705647729,0.142435878887,0,0,0,0.000034092549214,0,0,0,0.000104206138689,0,0,0.00327908745247,0.000128692600175,0,0.000877348457994,0.00173520028359,0.000162471936665,0.000251147286468,0.000251147286468,0.000251147286468,0.000251147286468,871089915,202306,31524039,1,0
196,0.000230047779154,0.000443315062905,192.705647729,0.140985292435,0,0,0,0.000029478809721,0,0,0,0.00009236453202,0,0,0.00290646387833,0.000114068441065,0,0.000777649769585,0.00153801843318,0.00014400921659,0.000222607822096,0.000222607822096,0.000222607822096,0.000222607822096,871107468,184753,31524039,1,0
198,0.000206453135138,0.000397846851325,192.705647729,0.139563262733,0,0,0,0.000026411946775,0,0,0,0.000082891246684,0,0,0.00260836501901,0.000102369113776,0,0.000697890818859,0.00138027295285,0.000129239040529,0.000199776250599,0.000199776250599,0.000199776250599,0.000199776250599,871120352,171869,31524039,1,0
200,0.000182858491123,0.000352378639745,192.705647729,0.138173086101,0,0,0,0.000023345083829,0,0,0,0.000073417961349,0,0,0.0023102661597,0.000090669786487,0,0.000618131868132,0.00122252747253,0.000114468864469,0.000176944679102,0.000176944679102,0.000176944679102,0.000176944679102,871154751,137470,31524039,1,0